{
  "model_name": "roberta-base",
  "char_loss_weight": 0.7,
  "max_tokens": 512,
  "char_threshold": 0.5,
  "label_map": {
    "O": 0,
    "B": 1,
    "I": 2
  },
  "metrics": {
    "precision": 0.9596469104653724,
    "recall": 0.9999999999986859,
    "f1": 0.9794079789069309,
    "non_phi_retention": 0.9987699876998386,
    "tp": 761,
    "fp": 32,
    "fn": 0,
    "tn": 25984
  },
  "created": "2026-01-06 14:01:58"
}